{"cameraMode":{"drawMode":0,"name":"Shaded","section":"Shading Mode"},"sceneLighting":true,"audioPlay":false,"sceneViewState":{"m_AlwaysRefresh":false,"showFog":true,"showSkybox":true,"showFlares":true,"showImageEffects":true,"showParticleSystems":true,"showVisualEffectGraphs":true,"m_FxEnabled":true},"in2DMode":false,"pivot":{"x":-1.1619300842285157,"y":5.366758346557617,"z":-0.5763857960700989},"rotation":{"x":-0.0482332669198513,"y":-0.048826657235622409,"z":0.0023606489412486555,"w":-0.9976418018341065},"size":16.259540557861329,"orthographic":false}